{
	"format_version": "1.21.6",
	"credit": "jhqwqmc",
	"textures": {
		"0": "tints:block/example_1",
		"1": "tints:block/example_2",
		"particle": "tints:block/example_1"
	},
	"elements": [
		{
			"from": [1, 7, 1],
			"to": [2, 8, 15],
			"rotation": {"angle": 0, "axis": "y", "origin": [-6, 7, 10]},
			"faces": {
				"north": {"uv": [0.25, 0.25, 0.75, 0.75], "texture": "#0", "tintindex": 0},
				"east": {"uv": [1.25, 0.25, 1.75, 0.75], "texture": "#0", "tintindex": 0},
				"south": {"uv": [2.25, 0.25, 2.75, 0.75], "texture": "#0", "tintindex": 0},
				"west": {"uv": [3.25, 0.25, 3.75, 0.75], "texture": "#0", "tintindex": 0},
				"up": {"uv": [4.25, 0.25, 4.75, 0.75], "texture": "#0", "tintindex": 0},
				"down": {"uv": [5.25, 0.25, 5.75, 0.75], "texture": "#0", "tintindex": 0}
			}
		},
		{
			"from": [2, 7, 1],
			"to": [14, 8, 2],
			"rotation": {"angle": 0, "axis": "y", "origin": [10, 7, 9]},
			"faces": {
				"north": {"uv": [10.25, 2.25, 10.75, 2.75], "texture": "#0", "tintindex": 0},
				"east": {"uv": [11.25, 2.25, 11.75, 2.75], "texture": "#0", "tintindex": 0},
				"south": {"uv": [12.25, 2.25, 12.75, 2.75], "texture": "#0", "tintindex": 0},
				"west": {"uv": [13.25, 2.25, 13.75, 2.75], "texture": "#0", "tintindex": 0},
				"up": {"uv": [14.25, 2.25, 14.75, 2.75], "rotation": 270, "texture": "#0", "tintindex": 0},
				"down": {"uv": [15.25, 2.25, 15.75, 2.75], "rotation": 90, "texture": "#0", "tintindex": 0}
			}
		},
		{
			"from": [2, 7, 14],
			"to": [14, 8, 15],
			"rotation": {"angle": 0, "axis": "y", "origin": [10, 7, 22]},
			"faces": {
				"north": {"uv": [0.25, 3.25, 0.75, 3.75], "texture": "#0", "tintindex": 0},
				"east": {"uv": [1.25, 3.25, 1.75, 3.75], "texture": "#0", "tintindex": 0},
				"south": {"uv": [2.25, 3.25, 2.75, 3.75], "texture": "#0", "tintindex": 0},
				"west": {"uv": [3.25, 3.25, 3.75, 3.75], "texture": "#0", "tintindex": 0},
				"up": {"uv": [4.25, 3.25, 4.75, 3.75], "rotation": 270, "texture": "#0", "tintindex": 0},
				"down": {"uv": [5.25, 3.25, 5.75, 3.75], "rotation": 90, "texture": "#0", "tintindex": 0}
			}
		},
		{
			"from": [14, 7, 1],
			"to": [15, 8, 15],
			"rotation": {"angle": 0, "axis": "y", "origin": [7, 7, 10]},
			"faces": {
				"north": {"uv": [4.25, 2.25, 4.75, 2.75], "texture": "#0", "tintindex": 0},
				"east": {"uv": [5.25, 2.25, 5.75, 2.75], "texture": "#0", "tintindex": 0},
				"south": {"uv": [6.25, 2.25, 6.75, 2.75], "texture": "#0", "tintindex": 0},
				"west": {"uv": [7.25, 2.25, 7.75, 2.75], "texture": "#0", "tintindex": 0},
				"up": {"uv": [8.25, 2.25, 8.75, 2.75], "texture": "#0", "tintindex": 0},
				"down": {"uv": [9.25, 2.25, 9.75, 2.75], "texture": "#0", "tintindex": 0}
			}
		},
		{
			"from": [2, 1, 2],
			"to": [14, 7, 3],
			"rotation": {"angle": 0, "axis": "y", "origin": [7, 5, 2]},
			"faces": {
				"north": {"uv": [6.25, 0.25, 6.75, 0.75], "rotation": 180, "texture": "#0", "tintindex": 0},
				"east": {"uv": [7.25, 0.25, 7.75, 0.75], "rotation": 270, "texture": "#0", "tintindex": 0},
				"south": {"uv": [8.25, 0.25, 8.75, 0.75], "texture": "#0", "tintindex": 0},
				"west": {"uv": [9.25, 0.25, 9.75, 0.75], "rotation": 90, "texture": "#0", "tintindex": 0},
				"up": {"uv": [10.25, 0.25, 10.75, 0.75], "rotation": 180, "texture": "#0", "tintindex": 0},
				"down": {"uv": [11.25, 0.25, 11.75, 0.75], "texture": "#0", "tintindex": 0}
			}
		},
		{
			"from": [13, 1, 3],
			"to": [14, 7, 13],
			"rotation": {"angle": 0, "axis": "y", "origin": [13, 5, 8]},
			"faces": {
				"north": {"uv": [8.25, 1.25, 8.75, 1.75], "rotation": 270, "texture": "#0", "tintindex": 0},
				"east": {"uv": [9.25, 1.25, 9.75, 1.75], "texture": "#0", "tintindex": 0},
				"south": {"uv": [10.25, 1.25, 10.75, 1.75], "rotation": 90, "texture": "#0", "tintindex": 0},
				"west": {"uv": [11.25, 1.25, 11.75, 1.75], "rotation": 180, "texture": "#0", "tintindex": 0},
				"up": {"uv": [12.25, 1.25, 12.75, 1.75], "rotation": 90, "texture": "#0", "tintindex": 0},
				"down": {"uv": [13.25, 1.25, 13.75, 1.75], "rotation": 90, "texture": "#0", "tintindex": 0}
			}
		},
		{
			"from": [2, 1, 3],
			"to": [3, 7, 13],
			"rotation": {"angle": 0, "axis": "y", "origin": [2, 5, 8]},
			"faces": {
				"north": {"uv": [8.25, 1.25, 8.75, 1.75], "rotation": 270, "texture": "#0", "tintindex": 0},
				"east": {"uv": [9.25, 1.25, 9.75, 1.75], "texture": "#0", "tintindex": 0},
				"south": {"uv": [10.25, 1.25, 10.75, 1.75], "rotation": 90, "texture": "#0", "tintindex": 0},
				"west": {"uv": [11.25, 1.25, 11.75, 1.75], "rotation": 180, "texture": "#0", "tintindex": 0},
				"up": {"uv": [12.25, 1.25, 12.75, 1.75], "rotation": 90, "texture": "#0", "tintindex": 0},
				"down": {"uv": [13.25, 1.25, 13.75, 1.75], "rotation": 90, "texture": "#0", "tintindex": 0}
			}
		},
		{
			"from": [2, 1, 13],
			"to": [14, 7, 14],
			"rotation": {"angle": 0, "axis": "y", "origin": [7, 5, 13]},
			"faces": {
				"north": {"uv": [2.25, 1.25, 2.75, 1.75], "rotation": 180, "texture": "#0", "tintindex": 0},
				"east": {"uv": [3.25, 1.25, 3.75, 1.75], "rotation": 270, "texture": "#0", "tintindex": 0},
				"south": {"uv": [4.25, 1.25, 4.75, 1.75], "texture": "#0", "tintindex": 0},
				"west": {"uv": [5.25, 1.25, 5.75, 1.75], "rotation": 90, "texture": "#0", "tintindex": 0},
				"up": {"uv": [6.25, 1.25, 6.75, 1.75], "rotation": 180, "texture": "#0", "tintindex": 0},
				"down": {"uv": [7.25, 1.25, 7.75, 1.75], "texture": "#0", "tintindex": 0}
			}
		},
		{
			"from": [2, 0, 2],
			"to": [14, 1, 14],
			"rotation": {"angle": 0, "axis": "y", "origin": [7, 0, 10]},
			"faces": {
				"north": {"uv": [12.25, 0.25, 12.75, 0.75], "texture": "#0", "tintindex": 0},
				"east": {"uv": [13.25, 0.25, 13.75, 0.75], "texture": "#0", "tintindex": 0},
				"south": {"uv": [14.25, 0.25, 14.75, 0.75], "texture": "#0", "tintindex": 0},
				"west": {"uv": [15.25, 0.25, 15.75, 0.75], "texture": "#0", "tintindex": 0},
				"up": {"uv": [0.25, 1.25, 0.75, 1.75], "texture": "#0", "tintindex": 0},
				"down": {"uv": [1.25, 1.25, 1.75, 1.75], "texture": "#0", "tintindex": 0}
			}
		},
		{
			"from": [2, 8, 2],
			"to": [14, 8, 14],
			"rotation": {"angle": 0, "axis": "y", "origin": [2, 12, 6]},
			"faces": {
				"north": {"uv": [2, 2, 14, 2], "texture": "#1", "tintindex": 1},
				"east": {"uv": [2, 2, 14, 2], "texture": "#1", "tintindex": 1},
				"south": {"uv": [2, 2, 14, 2], "texture": "#1", "tintindex": 1},
				"west": {"uv": [2, 2, 14, 2], "texture": "#1", "tintindex": 1},
				"up": {"uv": [2, 2, 14, 14], "texture": "#1", "tintindex": 1},
				"down": {"uv": [2, 2, 14, 14], "texture": "#1", "tintindex": 1}
			}
		}
	],
	"display": {
		"thirdperson_righthand": {
			"rotation": [75, 45, 0],
			"translation": [0, 2.5, 0],
			"scale": [0.375, 0.375, 0.375]
		},
		"thirdperson_lefthand": {
			"rotation": [75, 45, 0],
			"translation": [0, 2.5, 0],
			"scale": [0.375, 0.375, 0.375]
		},
		"firstperson_righthand": {
			"rotation": [0, 45, 0],
			"scale": [0.4, 0.4, 0.4]
		},
		"firstperson_lefthand": {
			"rotation": [0, -135, 0],
			"scale": [0.4, 0.4, 0.4]
		},
		"ground": {
			"translation": [0, 3, 0],
			"scale": [0.25, 0.25, 0.25]
		},
		"gui": {
			"rotation": [30, -135, 0],
			"scale": [0.625, 0.625, 0.625]
		},
		"fixed": {
			"scale": [0.5, 0.5, 0.5]
		}
	}
}